id,month,shipment
1001,2023-11,290000.0
1004,2023-11,34000.0
1004,2023-12,0.0
1006,2023-10,145195.0
1006,2023-11,140495.0
1006,2023-12,140495.0
101,2022-11,43800.0
101,2022-12,43800.0
101,2023-01,43800.0
1012,2023-11,98492.0
1012,2023-12,109442.52
1015,2023-11,163700.0
1015,2023-12,15000.0
107,2022-11,52158.0
107,2022-12,66122.0
107,2023-01,34850.0
107,2023-03,67774.08
107,2023-04,36046.0
107,2023-05,54832.0
107,2023-06,47165.28
107,2023-07,71542.0
107,2023-08,51910.74
107,2023-09,60269.0
107,2023-10,58485.96
107,2023-11,59885.85
107,2023-12,65222.34
107,2024-01,60505.74
107,2024-02,66694.89
109,2022-11,94000.0
109,2022-12,94000.0
109,2023-01,94000.0
109,2023-02,94000.0
109,2023-03,94000.0
109,2023-04,94000.0
109,2023-05,94000.0
109,2023-06,94000.0
109,2023-07,94000.0
109,2023-08,94000.0
109,2023-09,94000.0
109,2023-10,94000.0
109,2023-11,94000.0
109,2023-12,94000.0
112,2022-11,202450.0
112,2022-12,194050.0
112,2023-01,125000.0
112,2023-02,222000.0
112,2023-03,240800.0
112,2023-04,90090.0
112,2023-05,117090.0
112,2023-06,117090.0
112,2023-07,155090.0
112,2023-08,162650.0
112,2023-09,162650.0
112,2023-10,132410.0
112,2023-11,132410.0
112,2023-12,132410.0
112,2024-02,136730.0
15,2022-11,439280.0
15,2022-12,439280.0
15,2023-01,102433.75
15,2023-02,102433.75
15,2023-03,102433.75
15,2023-04,138158.0
15,2023-05,138158.0
15,2023-06,102433.75
154,2022-11,57545.0
154,2022-12,57545.0
154,2023-01,57545.0
154,2023-02,57545.0
154,2023-03,67545.0
154,2023-04,57545.0
154,2023-05,57545.0
154,2023-06,79545.0
154,2023-07,57545.0
154,2023-08,70545.0
154,2023-09,57545.0
154,2023-10,80100.0
154,2023-11,75100.0
154,2023-12,90300.0
154,2024-01,75200.0
154,2024-02,82700.0
174,2022-11,127200.0
174,2022-12,127200.0
174,2023-01,127200.0
174,2023-02,127200.0
180,2022-11,99500.0
180,2022-12,97550.0
180,2023-01,70950.0
180,2023-02,182880.0
180,2023-03,162835.0
180,2023-04,191320.0
180,2023-05,198705.0
180,2023-06,195540.0
180,2023-07,170220.0
180,2023-08,192375.0
180,2023-10,163359.0
180,2023-11,163359.0
180,2023-12,163359.0
180,2024-01,163359.0
190,2022-11,149080.0
190,2022-12,149100.0
190,2023-01,177595.0
190,2023-02,171260.0
190,2023-03,150220.0
190,2023-04,148220.0
190,2023-05,152695.0
190,2023-06,152695.0
190,2023-07,152695.0
190,2023-08,152970.0
190,2023-09,148815.0
190,2023-10,146475.0
190,2023-11,143580.0
190,2023-12,137745.0
190,2024-01,104025.0
190,2024-02,123810.0
193,2022-11,164000.0
193,2022-12,190280.0
196,2022-11,53400.0
196,2022-12,48400.0
196,2023-02,49350.0
196,2023-03,54625.0
196,2023-04,55470.0
196,2023-05,53780.0
196,2023-06,43230.0
196,2023-07,43230.0
196,2023-08,43230.0
196,2023-09,44075.0
196,2023-10,55470.0
196,2023-11,26540.0
196,2023-12,26540.0
199,2022-11,25050.0
199,2022-12,68120.0
199,2023-01,51470.0
199,2023-02,46470.0
199,2023-03,53620.0
199,2023-04,53730.0
199,2023-05,8935.0
199,2023-06,8935.0
199,2023-07,8935.0
199,2023-08,8935.0
199,2023-09,50490.0
199,2023-10,47895.0
211,2023-02,171046.75
211,2023-05,54111.0
211,2023-06,75000.0
211,2023-07,180000.0
211,2023-08,135000.0
211,2023-09,238500.0
211,2023-10,186750.0
211,2023-11,186750.0
211,2023-12,186750.0
211,2024-01,186750.0
211,2024-02,186750.0
228,2022-11,28200.0
228,2022-12,28200.0
228,2023-01,33885.0
228,2023-02,33885.0
228,2023-03,33885.0
228,2023-04,33885.0
228,2023-05,33885.0
228,2023-06,33885.0
228,2023-07,33885.0
228,2023-08,33885.0
228,2023-09,33885.0
228,2023-10,33885.0
228,2023-11,33885.0
228,2023-12,33885.0
228,2024-01,43400.0
228,2024-02,43400.0
230,2022-11,58070.0
230,2022-12,62225.0
242,2022-11,96400.0
242,2022-12,88850.0
242,2023-01,83880.0
242,2023-02,90965.0
242,2023-03,86975.0
242,2023-04,84160.0
242,2023-05,75900.0
242,2023-06,95105.0
244,2022-11,324600.0
244,2022-12,324600.0
244,2023-01,324600.0
244,2023-02,324600.0
244,2023-03,324600.0
244,2023-04,324600.0
244,2023-05,328020.0
244,2023-06,328020.0
244,2023-07,328020.0
244,2023-08,328020.0
244,2023-09,328020.0
244,2023-10,328020.0
266,2022-11,45950.0
266,2022-12,45950.0
266,2023-02,46995.0
266,2023-03,46995.0
266,2023-04,46995.0
266,2023-05,46995.0
266,2023-06,46995.0
266,2023-07,46995.0
266,2023-08,46995.0
266,2023-09,46995.0
266,2023-10,46995.0
266,2023-11,46995.0
266,2023-12,46995.0
266,2024-01,46995.0
268,2022-11,79235.0
268,2022-12,79235.0
268,2023-01,83810.0
268,2023-02,122845.0
268,2023-03,128145.0
268,2023-04,135530.0
268,2023-05,133420.0
268,2023-06,140005.0
268,2023-07,150160.0
268,2023-08,137500.0
268,2023-09,141435.0
268,2023-10,125645.0
268,2023-11,128810.0
268,2023-12,130920.0
268,2024-01,125645.0
268,2024-02,125645.0
273,2022-11,106800.0
273,2022-12,106800.0
273,2023-01,106800.0
273,2023-02,106800.0
273,2023-03,133405.0
273,2023-04,131405.0
273,2023-05,131405.0
273,2023-06,131405.0
273,2023-07,131405.0
273,2023-08,131405.0
273,2023-09,131405.0
273,2023-10,131405.0
273,2023-11,131405.0
273,2023-12,131405.0
273,2024-01,131405.0
273,2024-02,131405.0
274,2022-11,170268.0
274,2022-12,170268.0
274,2023-01,170268.0
274,2023-02,170268.0
274,2023-03,170268.0
274,2023-04,201870.0
274,2023-05,201870.0
274,2023-06,201870.0
274,2023-07,262830.0
274,2023-08,183630.0
281,2022-11,98000.0
281,2022-12,93250.0
281,2023-01,82800.0
281,2023-02,109000.0
281,2023-03,125800.0
281,2023-04,91750.0
281,2023-05,94700.0
281,2023-06,129740.0
281,2023-07,117730.0
281,2023-08,115860.0
281,2023-09,160770.0
281,2023-10,142490.0
281,2023-11,99125.0
281,2023-12,74350.0
281,2024-01,105775.0
281,2024-02,92065.0
294,2022-11,66833.0
294,2022-12,70819.7
294,2023-01,68879.7
294,2023-02,68879.7
294,2023-03,68879.7
294,2023-04,68879.7
294,2023-05,69699.35
294,2023-07,69385.0
294,2023-08,74075.0
294,2023-09,76185.0
294,2023-10,74075.0
294,2023-11,76185.0
294,2023-12,78950.0
294,2024-01,81060.0
294,2024-02,81060.0
301,2022-11,55220.0
301,2022-12,40830.0
301,2023-01,40830.0
301,2023-02,49515.0
301,2023-03,31700.0
301,2023-04,82325.0
301,2023-05,37100.0
31,2022-11,55100.0
31,2022-12,55100.0
31,2023-02,44775.0
31,2023-03,44775.0
31,2023-04,44775.0
31,2023-05,44775.0
31,2023-06,44775.0
31,2023-07,44775.0
31,2023-08,44775.0
31,2023-09,44775.0
31,2023-10,44775.0
31,2023-11,44775.0
31,2023-12,44775.0
31,2024-01,44775.0
31,2024-02,46200.0
318,2022-11,17950.0
318,2022-12,20590.0
328,2022-11,116473.5
328,2022-12,110700.0
337,2023-04,60450.0
337,2023-05,47410.0
337,2023-06,44165.0
337,2023-07,30800.0
337,2023-08,56975.0
346,2023-01,60021.0
346,2023-02,60021.0
346,2023-03,60823.75
346,2023-04,60823.75
346,2023-05,60823.75
346,2023-06,60823.75
346,2023-07,60823.75
346,2023-08,60206.25
346,2023-09,60206.25
346,2023-10,60206.25
346,2023-11,60206.25
346,2023-12,60206.25
346,2024-01,60206.25
348,2022-11,14860.0
348,2022-12,14860.0
348,2023-01,14860.0
348,2023-02,14860.0
348,2023-04,17740.0
348,2023-05,16685.0
348,2023-06,16685.0
348,2023-07,16685.0
348,2023-08,16685.0
348,2023-09,16685.0
348,2023-11,21400.0
348,2023-12,20000.0
348,2024-01,20000.0
348,2024-02,20000.0
350,2023-10,121000.0
350,2023-11,121000.0
350,2023-12,121305.0
350,2024-01,117805.0
350,2024-02,117805.0
361,2022-11,154915.0
361,2022-12,167155.0
361,2023-01,155550.0
361,2023-02,128660.0
361,2023-03,121415.0
361,2023-04,136490.0
361,2023-05,153090.0
361,2023-06,131965.0
361,2023-07,126830.0
361,2023-08,133350.0
361,2023-09,133985.0
361,2023-10,148040.0
361,2023-11,143490.0
361,2023-12,162275.0
369,2022-11,42600.0
369,2022-12,7450.0
369,2023-07,120190.0
369,2023-08,9460.0
369,2023-09,19190.0
369,2023-10,124920.0
379,2022-11,55195.0
379,2022-12,55195.0
39,2022-11,137700.0
39,2022-12,137700.0
39,2023-01,149206.5
39,2023-02,149206.5
39,2023-03,149206.5
39,2023-04,149206.5
39,2023-05,149206.5
39,2023-06,149206.5
39,2023-07,149206.5
39,2023-08,149206.5
39,2023-09,149206.5
39,2023-10,149206.5
39,2023-11,149206.5
39,2023-12,149206.5
390,2022-11,221830.0
390,2022-12,220830.0
418,2022-11,160420.0
42,2022-11,36220.0
429,2022-11,30280.0
429,2022-12,35580.0
429,2023-01,35830.0
429,2023-02,42830.0
441,2022-11,94000.0
441,2022-12,83400.0
441,2023-01,79820.0
441,2023-02,87680.0
441,2023-03,82100.0
441,2023-04,84100.0
441,2023-05,84100.0
441,2023-06,74360.0
448,2022-11,141289.0
448,2022-12,137562.5
448,2023-01,83901.0
448,2023-02,135283.0
448,2023-03,137587.0
448,2023-04,134613.0
448,2023-05,139755.0
448,2023-06,140763.0
448,2023-07,152239.85
448,2023-08,148450.5
448,2023-09,155709.0
448,2023-10,153989.65
448,2023-11,157400.1
448,2023-12,155875.95
448,2024-01,87743.0
448,2024-02,134421.5
45,2022-11,35150.0
45,2022-12,47400.0
45,2023-01,49130.0
45,2023-02,64475.0
45,2023-03,71640.0
45,2023-04,58995.0
45,2023-05,62100.0
45,2023-06,61635.0
45,2023-07,70755.0
45,2023-08,36125.0
45,2023-09,85090.0
45,2023-10,96680.0
45,2023-11,88400.0
45,2023-12,77530.0
453,2022-12,39245.0
453,2023-01,44320.0
453,2023-02,177635.0
454,2022-11,88540.0
454,2022-12,92140.0
455,2022-11,55000.0
455,2022-12,55000.0
456,2022-11,91240.0
457,2022-11,104675.0
46,2022-11,37939.5
46,2022-12,37939.5
46,2023-01,39838.5
46,2023-02,39298.5
46,2023-03,39298.5
46,2023-04,39298.5
46,2023-05,39298.5
46,2023-06,39298.5
46,2023-07,39298.5
46,2023-08,39298.5
46,2023-09,39298.5
46,2023-10,39298.5
46,2023-11,39298.5
46,2023-12,39298.5
460,2023-01,49765.0
460,2023-02,50660.0
460,2023-03,49605.0
460,2023-04,50660.0
460,2023-05,49605.0
460,2023-07,45860.0
460,2023-08,46660.0
460,2023-09,44550.0
461,2022-11,130950.0
461,2022-12,130410.0
471,2022-11,89185.11
471,2022-12,74986.18
471,2023-01,63305.1
471,2023-02,69513.19
471,2023-03,75127.45
471,2023-04,100518.83
471,2023-05,91826.81
471,2023-06,103176.17
471,2023-07,100914.15
471,2023-08,95501.13
471,2023-09,96679.36
471,2023-10,113011.0
471,2023-11,91770.64
471,2023-12,99410.96
471,2024-01,115821.0
471,2024-02,127200.0
475,2022-11,100485.0
475,2022-12,100485.0
477,2022-11,7000.0
478,2022-11,76760.0
478,2022-12,90935.0
48,2023-02,39726.0
48,2023-03,39726.0
48,2023-04,39726.0
48,2023-09,39726.0
48,2023-10,39726.0
48,2023-11,39726.0
48,2024-01,45175.5
48,2024-02,44635.5
49,2022-11,85842.0
49,2022-12,85842.0
49,2023-01,83358.0
49,2023-02,83358.0
49,2023-03,83358.0
49,2023-04,83358.0
49,2023-05,83358.0
49,2023-06,83358.0
49,2023-07,84582.0
49,2023-08,84582.0
49,2023-09,84582.0
49,2023-10,84582.0
49,2023-11,84582.0
49,2023-12,84582.0
492,2022-11,40390.0
492,2022-12,57615.0
492,2023-01,61925.0
492,2023-02,62615.0
492,2023-03,59390.0
492,2023-04,56235.0
492,2023-05,62770.0
492,2023-06,65925.0
492,2023-07,61925.0
492,2023-08,65840.0
492,2023-09,68685.0
493,2022-11,47150.0
493,2022-12,48850.0
493,2023-01,48000.0
493,2023-03,55225.0
493,2023-04,55225.0
493,2023-05,55225.0
493,2023-06,55225.0
493,2023-07,55225.0
493,2023-08,55225.0
493,2023-09,55225.0
493,2023-10,55225.0
493,2023-11,55225.0
493,2023-12,55225.0
493,2024-01,55225.0
493,2024-02,55225.0
495,2023-03,37363.5
495,2023-04,38632.5
495,2023-06,38632.5
495,2023-07,38632.5
498,2022-11,70650.0
498,2022-12,74650.0
506,2022-11,227365.0
506,2022-12,245595.0
506,2023-01,263745.0
506,2023-02,297695.0
506,2023-03,257700.0
506,2024-02,268542.0
509,2022-11,192535.0
509,2022-12,177235.0
509,2023-01,161085.0
509,2023-02,137155.0
509,2023-03,94195.0
509,2023-04,93300.0
509,2023-05,89720.0
509,2023-06,47655.0
509,2023-07,93300.0
509,2023-08,93300.0
509,2023-09,64660.0
509,2023-10,93300.0
509,2023-11,95985.0
509,2023-12,114780.0
509,2024-01,48550.0
509,2024-02,96485.0
519,2022-11,218465.0
519,2022-12,187125.0
519,2023-01,88975.0
519,2023-05,175200.0
519,2023-06,156750.0
519,2023-07,156750.0
519,2023-08,112000.0
519,2023-09,175200.0
519,2023-10,166250.0
524,2022-11,252293.75
524,2022-12,296130.71
524,2023-01,243591.67
529,2022-11,75310.0
529,2022-12,71060.0
529,2023-01,71060.0
529,2023-02,76500.0
530,2022-11,44030.0
530,2022-12,48280.0
530,2023-01,44030.0
530,2023-02,44030.0
530,2023-03,48280.0
535,2022-11,74255.0
535,2022-12,109590.0
54,2023-03,41067.0
54,2023-04,38461.5
54,2023-05,32139.0
54,2023-06,31333.5
54,2023-07,32139.0
54,2023-08,32139.0
54,2023-09,49666.5
54,2023-10,50094.0
54,2023-11,50949.0
54,2023-12,50949.0
540,2022-11,202150.0
540,2022-12,206440.0
540,2023-01,220310.0
540,2023-02,221040.0
540,2023-03,221040.0
547,2022-11,144180.0
547,2022-12,104660.0
547,2023-01,226420.0
547,2023-02,139660.0
547,2023-03,165540.0
547,2023-04,168680.0
547,2023-05,166520.0
547,2023-06,83360.0
547,2023-07,104440.0
547,2023-08,128040.0
547,2023-09,166320.0
547,2023-10,166690.0
547,2023-11,117280.0
547,2023-12,215040.0
547,2024-01,166000.0
547,2024-02,164960.0
548,2022-11,674000.0
548,2022-12,674000.0
548,2023-01,674000.0
548,2023-02,674000.0
549,2022-11,47234.0
549,2022-12,53608.5
549,2023-01,47234.0
549,2023-02,46958.5
549,2023-03,53884.0
55,2023-03,43173.0
55,2023-04,41364.0
55,2023-05,44257.5
55,2023-06,45868.5
553,2023-06,95062.5
553,2023-07,146432.45
553,2023-08,33307.63
556,2022-11,34225.0
56,2023-01,24615.0
56,2023-02,25672.5
56,2023-03,25672.5
56,2024-01,41409.0
56,2024-02,40869.0
562,2022-11,85120.0
562,2022-12,85120.0
562,2023-01,85120.0
562,2023-02,85120.0
562,2023-03,85120.0
562,2023-04,85120.0
562,2023-05,69940.0
562,2023-06,69940.0
562,2023-07,69940.0
562,2023-08,69940.0
562,2023-09,69940.0
562,2023-10,69940.0
563,2022-12,62930.0
563,2023-05,65050.0
569,2023-01,36415.0
569,2023-02,36415.0
569,2023-03,36415.0
569,2023-04,36415.0
569,2023-05,36415.0
569,2023-06,36415.0
569,2023-07,45435.0
569,2023-08,51765.0
569,2023-09,47100.0
569,2023-10,44990.0
569,2023-11,49210.0
569,2023-12,47100.0
569,2024-01,56900.0
569,2024-02,59700.0
572,2022-11,56200.0
573,2022-11,69210.0
574,2022-11,46755.0
575,2022-11,25020.0
576,2022-11,36365.0
578,2022-11,82800.0
580,2023-03,42937.1
580,2023-04,50640.35
580,2023-05,57901.14
580,2023-07,64219.76
581,2022-11,151280.0
581,2022-12,151280.0
583,2022-11,92505.0
583,2022-12,107275.0
583,2023-01,76450.0
583,2023-02,74425.0
583,2023-03,80800.0
583,2023-04,81460.0
583,2023-05,62405.0
585,2023-03,213159.04
585,2023-04,196491.0
585,2023-05,196925.18
586,2022-11,52240.0
586,2023-02,39660.0
586,2023-03,43240.0
586,2023-04,44880.0
586,2023-05,41005.0
586,2023-06,32940.0
586,2023-07,77330.0
592,2022-11,104642.0
596,2022-11,41565.0
596,2022-12,29960.0
597,2022-11,214035.96
597,2022-12,210015.21
597,2023-01,201944.09
597,2023-02,201944.09
597,2023-03,202251.53
597,2023-04,201257.91
597,2023-05,200649.4
597,2023-06,199555.79
597,2023-07,189325.91
597,2023-08,189387.51
597,2023-09,188837.62
597,2023-10,189230.06
597,2023-11,189506.77
597,2023-12,187620.0
597,2024-01,210558.46
597,2024-02,219853.34
600,2022-11,281417.0
600,2022-12,175100.0
600,2023-01,267220.0
600,2023-02,258933.0
600,2023-03,224337.0
600,2023-04,232805.0
600,2023-05,213199.0
600,2023-06,257800.0
610,2022-11,135995.0
610,2022-12,135995.0
610,2023-01,131425.0
610,2023-02,140565.0
610,2023-03,146845.0
610,2023-04,146845.0
610,2023-05,146845.0
610,2023-06,135985.0
610,2023-07,149925.0
610,2023-08,151145.0
610,2023-09,150535.0
610,2023-10,150535.0
610,2023-11,150535.0
610,2023-12,150535.0
610,2024-01,150300.0
610,2024-02,150300.0
623,2022-11,152155.0
623,2022-12,149765.0
624,2022-11,34880.0
624,2022-12,39100.0
624,2023-01,30400.0
629,2022-11,51490.0
629,2022-12,52335.0
629,2023-01,66255.0
629,2023-02,56115.0
629,2023-03,104976.0
629,2023-04,94329.0
629,2023-05,95850.0
629,2023-06,95850.0
629,2023-07,95850.0
629,2023-08,95850.0
629,2023-09,95850.0
629,2023-10,95850.0
629,2023-11,95850.0
629,2023-12,95850.0
630,2022-11,54640.0
630,2022-12,54165.0
630,2023-01,49640.0
630,2023-02,47085.0
630,2023-03,47040.0
630,2023-04,42185.0
630,2023-05,43510.0
630,2023-06,37325.0
630,2023-07,32930.0
630,2023-08,35855.0
630,2023-09,39405.0
630,2023-10,32375.0
630,2023-11,28175.0
633,2022-11,40200.0
633,2022-12,40200.0
633,2023-01,40200.0
633,2023-02,40200.0
633,2023-04,40200.0
633,2023-05,40200.0
633,2023-06,166465.0
633,2023-07,166500.0
633,2023-08,166500.0
637,2022-11,38045.0
640,2022-11,70040.0
640,2022-12,68985.0
640,2023-01,74900.0
640,2023-02,78065.0
645,2022-11,58060.0
645,2022-12,46135.0
645,2023-02,36590.0
645,2023-03,38000.0
645,2023-04,36010.0
645,2023-05,41225.0
645,2023-06,37690.0
645,2023-07,42755.0
645,2023-08,43045.0
645,2023-09,38000.0
645,2023-10,16300.0
645,2023-11,15350.0
645,2023-12,16300.0
646,2023-01,4585.0
646,2023-02,1425.0
646,2023-03,1425.0
647,2022-11,153424.0
647,2022-12,180056.0
647,2023-01,68919.68
647,2023-02,84605.0
647,2023-03,85135.0
648,2022-11,45775.0
648,2022-12,45775.0
648,2023-01,45775.0
648,2023-03,45775.0
648,2023-04,45775.0
648,2023-06,45775.0
648,2023-07,45775.0
648,2023-08,45775.0
649,2022-12,110870.0
649,2023-01,126050.0
653,2022-11,68285.0
653,2022-12,70445.0
653,2023-01,70445.0
653,2023-02,70445.0
654,2022-11,150685.21
654,2022-12,231057.76
656,2023-03,169131.0
656,2023-04,154931.0
656,2023-05,154431.0
656,2023-06,154231.0
656,2023-07,154231.0
656,2023-08,152231.0
656,2023-09,147231.0
656,2023-10,167531.0
656,2023-11,163916.0
656,2023-12,156613.0
663,2022-11,174730.13
663,2022-12,169798.08000000002
663,2023-01,175791.08000000002
663,2023-02,57760.0
665,2022-11,10000.0
666,2022-11,110000.0
667,2023-01,40620.0
667,2023-02,48715.0
667,2023-03,49610.0
667,2023-04,49850.0
668,2022-11,52351.0
668,2022-12,114715.25
668,2023-01,110012.5
668,2023-02,98397.0
668,2023-03,100941.75
668,2023-04,97688.0
668,2023-05,106503.0
668,2023-06,109291.0
668,2023-07,111702.5
668,2023-08,108787.5
668,2023-09,124500.0
668,2023-10,124500.0
668,2023-11,124500.0
668,2023-12,124500.0
668,2024-01,124500.0
668,2024-02,124500.0
671,2022-11,28000.0
671,2022-12,105805.0
671,2023-01,108230.0
673,2023-05,225370.0
673,2023-06,217060.0
673,2023-07,217975.0
673,2023-08,228345.0
673,2023-09,223145.0
673,2023-10,223145.0
673,2023-11,223990.0
673,2023-12,224885.0
673,2024-01,226050.0
673,2024-02,226050.0
674,2022-11,106371.0
674,2022-12,121069.0
674,2023-01,127777.0
675,2022-11,97190.0
675,2022-12,101980.0
675,2023-01,107350.0
675,2023-02,114090.0
675,2023-03,119200.0
675,2023-04,131860.0
676,2022-11,402475.0
676,2022-12,513111.0
676,2023-01,547400.0
676,2023-02,547400.0
676,2023-03,572759.75
676,2023-04,594978.75
676,2023-05,549452.75
676,2023-06,539295.25
676,2023-07,545270.75
676,2023-08,597541.5
676,2023-09,556023.25
676,2023-10,773663.75
676,2023-11,776195.25
676,2023-12,776195.25
676,2024-01,776195.25
676,2024-02,771132.25
682,2022-11,302875.2
682,2022-12,311796.8
682,2023-01,267676.7
682,2023-02,301239.8
682,2023-03,276007.9
682,2023-09,90075.0
682,2023-10,90075.0
682,2023-11,90075.0
682,2023-12,90075.0
683,2022-11,45860.0
683,2022-12,47240.0
683,2023-01,48740.0
683,2023-02,45665.0
683,2023-03,49795.0
686,2022-11,108866.5
686,2022-12,42297.0
686,2023-01,77784.5
686,2023-02,48173.5
686,2023-03,86496.5
687,2022-11,99783.0
687,2022-12,99958.5
687,2023-01,99958.5
690,2022-11,54455.0
690,2022-12,51995.0
690,2023-01,54735.0
690,2023-02,80085.0
690,2023-03,79045.0
690,2023-04,81310.0
690,2023-06,51395.0
690,2023-07,51395.0
690,2023-08,51395.0
690,2023-09,51395.0
690,2023-10,19425.0
690,2024-02,64300.0
691,2022-11,77955.0
691,2022-12,56655.0
691,2023-01,64355.0
691,2023-02,60345.0
691,2023-03,59980.0
691,2023-04,56655.0
691,2023-05,64355.0
691,2023-06,58235.0
692,2022-11,47540.0
692,2022-12,48410.0
692,2023-01,52180.0
692,2023-02,45800.0
692,2023-03,46380.0
693,2022-11,81085.0
693,2022-12,82435.0
697,2022-12,71000.0
697,2023-02,121500.0
697,2023-03,119250.0
703,2022-12,72900.0
703,2023-01,60900.0
704,2022-11,41025.0
705,2022-11,33960.0
705,2022-12,38295.0
707,2022-11,47480.0
707,2022-12,57950.0
707,2023-01,65780.0
707,2023-02,61310.0
707,2023-03,65700.0
707,2023-04,64660.0
707,2023-05,61230.0
707,2023-06,65270.0
707,2023-07,63690.0
707,2023-08,65680.0
707,2023-09,65620.0
707,2023-10,65700.0
707,2023-11,69190.0
707,2023-12,70230.0
707,2024-01,71710.0
707,2024-02,135860.0
708,2022-11,343745.0
708,2022-12,501895.0
708,2023-01,660475.0
708,2023-02,752515.0
708,2023-03,795090.0
708,2023-04,683985.0
708,2023-05,145465.0
708,2023-06,163900.0
708,2023-07,144725.0
708,2023-08,144725.0
708,2023-09,191185.0
708,2023-10,355915.0
708,2023-11,356355.0
708,2023-12,357250.0
709,2022-11,13885.0
709,2022-12,20450.0
712,2022-12,40690.0
712,2023-01,40030.0
712,2023-02,40920.0
712,2023-03,34840.0
712,2023-04,40180.0
712,2023-05,41070.0
712,2023-06,43980.0
712,2023-07,43980.0
712,2023-08,44870.0
712,2023-09,43980.0
712,2023-10,43980.0
712,2023-11,44870.0
712,2023-12,40970.0
712,2024-01,40970.0
712,2024-02,40970.0
713,2023-01,73610.0
713,2023-02,64625.0
713,2023-03,63570.0
713,2023-04,65520.0
713,2023-05,65315.0
713,2023-06,65265.0
713,2023-07,65265.0
716,2022-11,21805.0
716,2022-12,20820.0
717,2022-12,34100.0
719,2022-12,602370.0
719,2023-04,53587.55
719,2023-05,54355.0
719,2023-06,55100.0
719,2023-07,64355.0
719,2023-08,58355.0
720,2022-12,58255.0
721,2022-12,31500.0
721,2023-01,35700.0
722,2023-01,55359.0
722,2023-02,55471.5
722,2023-03,84685.0
722,2023-04,72185.0
722,2023-05,82575.0
722,2023-06,74295.0
722,2023-07,63585.0
722,2023-08,57415.0
722,2023-09,73240.0
722,2023-10,76405.0
722,2023-11,76405.0
722,2023-12,78515.0
722,2024-01,84700.0
722,2024-02,87900.0
726,2022-12,60350.0
726,2023-01,36735.0
726,2023-02,46680.0
726,2023-03,58380.0
726,2023-04,45550.0
726,2023-05,92985.0
726,2023-06,93305.0
726,2023-07,60925.0
726,2023-08,52295.0
726,2023-09,46765.0
726,2023-10,46200.0
726,2023-11,36675.0
726,2023-12,49105.0
726,2024-01,47315.0
726,2024-02,44005.0
727,2022-12,39120.0
727,2023-01,73580.0
727,2023-02,74930.0
727,2023-03,72295.0
727,2023-04,74810.0
727,2023-05,72965.0
727,2023-06,79210.0
727,2023-07,52970.0
727,2023-08,53920.0
727,2023-09,52970.0
727,2023-10,53920.0
727,2023-11,54395.0
727,2023-12,54395.0
727,2024-01,54395.0
727,2024-02,54395.0
728,2022-12,780000.0
732,2023-05,306425.0
739,2023-01,72325.0
739,2023-02,63325.0
739,2023-03,62735.0
739,2023-04,62125.0
739,2023-05,63180.0
739,2023-06,63180.0
739,2023-07,84405.0
739,2023-08,80405.0
739,2023-09,80405.0
739,2023-10,80405.0
739,2023-11,80405.0
739,2023-12,80405.0
739,2024-01,80405.0
739,2024-02,54542.5
740,2023-01,271845.0
740,2023-02,50685.0
740,2023-03,43325.0
740,2023-04,48450.0
740,2023-05,24470.0
742,2022-12,126530.0
742,2023-01,117455.0
742,2023-02,117455.0
742,2023-03,117455.0
742,2023-04,117455.0
742,2023-05,117455.0
742,2023-06,117455.0
742,2023-07,117455.0
742,2023-08,140535.0
742,2023-09,117455.0
742,2023-10,117455.0
742,2023-12,130750.0
742,2024-01,147680.0
742,2024-02,151180.0
743,2023-02,56755.0
743,2023-03,50755.0
743,2023-04,50755.0
743,2023-05,50755.0
743,2023-06,50755.0
743,2023-07,50755.0
743,2023-08,54200.0
743,2023-09,56100.0
743,2023-10,56100.0
743,2023-11,64400.0
743,2023-12,66800.0
743,2024-01,66800.0
743,2024-02,66800.0
744,2023-02,91664.42
744,2023-03,92754.55
744,2023-04,44550.0
744,2023-05,55377.3
744,2023-06,40788.0
744,2023-07,46861.0
744,2023-08,49515.32
744,2023-09,43951.06
744,2023-10,57510.64
744,2023-11,63584.0
744,2023-12,62335.11
744,2024-01,72307.0
746,2023-01,17800.0
746,2023-02,21050.0
746,2023-03,10650.0
746,2023-04,18800.0
746,2023-05,13450.0
746,2023-06,5300.0
746,2023-07,13000.0
746,2023-08,13600.0
746,2023-09,9000.0
746,2023-10,16650.0
746,2023-11,16950.0
746,2023-12,14700.0
746,2024-01,3350.0
746,2024-02,6550.0
747,2023-01,18000.0
747,2023-02,15500.0
747,2023-03,25350.0
747,2023-04,24600.0
747,2023-05,6200.0
747,2023-06,17600.0
747,2023-07,12200.0
747,2023-08,14600.0
747,2023-09,18200.0
747,2023-10,14900.0
747,2023-11,20900.0
747,2023-12,16700.0
747,2024-01,15750.0
747,2024-02,22000.0
748,2023-01,131230.0
748,2023-02,129300.0
748,2023-03,119425.0
748,2023-04,129135.0
748,2023-05,223095.0
748,2023-06,306085.0
748,2023-07,322720.0
748,2023-08,200040.0
748,2023-09,201940.0
748,2023-10,230035.0
748,2023-11,227185.0
748,2023-12,227660.0
748,2024-02,156550.0
749,2023-01,20300.0
749,2023-02,31200.0
749,2023-03,14000.0
749,2023-04,5150.0
749,2023-05,7900.0
749,2023-06,7450.0
749,2023-07,22650.0
749,2023-08,12650.0
749,2023-09,11750.0
749,2023-10,22050.0
749,2023-11,18750.0
749,2023-12,19050.0
749,2024-01,9200.0
749,2024-02,10500.0
751,2023-01,132100.0
751,2023-02,135900.0
751,2023-03,191050.0
751,2023-04,172250.0
751,2023-05,131655.0
751,2023-06,91800.0
751,2023-07,105100.0
751,2023-08,152950.0
751,2023-09,162950.0
751,2023-10,155600.0
751,2023-11,154800.0
751,2023-12,144950.0
751,2024-01,106450.0
751,2024-02,220150.0
752,2023-01,77095.0
752,2023-02,48735.0
752,2023-03,45380.0
752,2023-04,45330.0
752,2023-05,45380.0
752,2023-06,45330.0
752,2023-07,45330.0
752,2023-08,45330.0
752,2023-09,45330.0
752,2023-10,45380.0
752,2023-11,45330.0
752,2023-12,45380.0
752,2024-01,40000.0
752,2024-02,42610.0
765,2023-02,68145.0
765,2023-05,64695.0
768,2023-01,33685.0
768,2023-02,33685.0
768,2023-03,33685.0
768,2023-04,33685.0
768,2023-05,33685.0
768,2023-06,33685.0
768,2023-08,52315.0
768,2023-09,52315.0
768,2023-10,23540.0
771,2023-02,107124.0
771,2023-03,102032.0
771,2023-04,102032.0
771,2023-05,104768.0
771,2023-06,104768.0
771,2023-07,104768.0
771,2023-08,108416.0
771,2023-09,118416.0
771,2023-10,114800.0
771,2023-11,114800.0
771,2023-12,121184.0
771,2024-01,121184.0
771,2024-02,75856.0
772,2023-01,46625.0
772,2023-02,49190.0
772,2023-03,49430.0
772,2023-04,47080.0
772,2023-05,62425.0
772,2023-06,59450.0
772,2023-07,60505.0
772,2023-08,59740.0
772,2023-09,46790.0
772,2023-10,65780.0
772,2023-11,60250.0
772,2023-12,62360.0
772,2024-01,75800.0
772,2024-02,75800.0
775,2023-01,64070.0
775,2023-02,88905.0
775,2023-03,78475.0
775,2023-04,69345.0
775,2023-05,70745.0
777,2023-02,57590.0
777,2023-03,58275.0
777,2023-04,60735.0
777,2023-05,64700.0
777,2023-06,66225.0
777,2023-07,93920.0
777,2023-08,108935.0
777,2023-09,103990.0
777,2023-10,120410.0
777,2023-11,116680.0
777,2023-12,118685.0
778,2023-02,49200.0
778,2023-03,84030.0
778,2023-04,98060.0
778,2023-05,104770.0
778,2023-06,94005.0
778,2023-07,47910.0
778,2023-08,47910.0
778,2023-09,43050.0
778,2023-10,52830.0
778,2023-11,48760.0
778,2023-12,47865.0
781,2023-01,104319.0
781,2023-02,60660.0
781,2023-03,359157.0
781,2023-04,241780.0
781,2023-05,321769.75
781,2023-06,337482.75
781,2023-07,288638.5
781,2023-08,333853.75
782,2023-01,207030.0
782,2023-02,219805.0
782,2023-09,316620.75
783,2023-01,35000.0
783,2023-02,35000.0
783,2023-03,35000.0
783,2023-04,35000.0
783,2023-05,35000.0
783,2023-06,35000.0
783,2023-07,50000.0
783,2023-08,50000.0
783,2023-09,50000.0
783,2023-10,50000.0
783,2023-11,50000.0
783,2023-12,25000.0
785,2023-02,5306.6
785,2023-03,12898.1
785,2023-04,5287.0
785,2023-05,10180.0
785,2023-06,8600.0
785,2023-07,3860.0
785,2023-08,8600.0
785,2023-09,700.0
785,2023-10,700.0
786,2023-02,191000.0
786,2023-03,21000.0
786,2023-04,118000.0
786,2023-05,285500.0
786,2023-06,239500.0
786,2023-07,239500.0
787,2023-05,121800.0
787,2023-06,68600.0
788,2023-03,43885.0
789,2023-03,44100.0
789,2023-04,58240.0
789,2023-06,7280.0
789,2023-07,28000.0
789,2023-08,8400.0
789,2023-09,15120.0
791,2023-03,863600.0
791,2023-04,800000.0
791,2023-05,800000.0
791,2023-06,800000.0
791,2023-07,800000.0
791,2023-08,800000.0
791,2023-09,800000.0
791,2023-10,800000.0
791,2023-11,800000.0
791,2023-12,800000.0
791,2024-01,729833.33
791,2024-02,729833.33
792,2023-02,4565.0
792,2023-03,6675.0
792,2023-04,4565.0
792,2023-05,4565.0
792,2023-06,1400.0
792,2023-07,94050.0
792,2023-08,94050.0
792,2023-09,94050.0
793,2023-03,47776.7
793,2023-04,68201.0
793,2023-05,29753.94
793,2023-06,33800.38
793,2023-07,32094.47
793,2023-08,30294.260000000002
793,2023-09,32660.43
793,2023-10,31813.620000000003
793,2023-11,69896.06
796,2023-03,43610.0
796,2023-04,39810.0
796,2023-05,39810.0
797,2023-02,121745.0
797,2023-03,110895.0
797,2023-04,119535.0
797,2023-05,114530.0
797,2023-06,111790.0
797,2023-07,115900.0
797,2023-08,115900.0
797,2023-09,115900.0
797,2023-10,185000.0
797,2023-11,185000.0
797,2023-12,192000.0
797,2024-01,192000.0
797,2024-02,192000.0
798,2023-02,72830.0
798,2023-03,67495.0
798,2023-04,103280.0
798,2023-05,60220.0
798,2023-06,76710.0
798,2023-07,72345.0
798,2023-08,91255.0
798,2023-09,112215.0
798,2023-10,113000.0
798,2023-11,129800.0
798,2023-12,127400.0
798,2024-01,116600.0
798,2024-02,103400.0
799,2023-03,69450.0
800,2023-03,60930.0
801,2023-04,141016.14
801,2023-05,135722.84
801,2023-06,134507.25
801,2023-07,175629.32
801,2023-08,158123.46
801,2023-09,154572.82
801,2023-10,96969.6
801,2023-11,94652.57
801,2023-12,93221.72
803,2023-05,123430.0
803,2023-06,121930.0
803,2023-07,121930.0
803,2023-08,121930.0
804,2023-03,36605.0
804,2023-04,29795.0
804,2023-05,32355.0
804,2023-06,35460.0
804,2023-07,27580.0
804,2023-08,68095.0
804,2023-09,26915.0
804,2023-10,36205.0
804,2023-11,28900.0
804,2023-12,69210.0
806,2023-03,70950.0
806,2023-04,64950.0
806,2023-05,71525.0
806,2023-06,71525.0
806,2023-07,41500.0
807,2023-03,64420.0
807,2023-04,66300.0
807,2023-05,66300.0
807,2023-06,66300.0
808,2023-05,84000.0
808,2023-06,78000.0
808,2023-07,78000.0
808,2023-08,73050.0
808,2023-09,101020.0
808,2023-10,100285.0
808,2023-11,73050.0
813,2023-03,37865.0
813,2023-04,23590.0
813,2023-05,23590.0
814,2023-03,175693.07
814,2023-04,142413.0
814,2023-05,132686.0
817,2023-03,61625.0
817,2023-04,57125.0
817,2023-05,57125.0
817,2023-06,64335.0
817,2023-07,64335.0
817,2023-08,64335.0
817,2023-09,67925.0
817,2023-10,67685.0
817,2023-11,67855.0
817,2023-12,67850.0
817,2024-01,67850.0
818,2023-10,285830.0
818,2023-11,318246.67
818,2023-12,294707.6
818,2024-01,97525.0
818,2024-02,109456.7
819,2023-04,59590.0
819,2023-05,86350.0
819,2023-06,86350.0
819,2023-07,99010.0
819,2023-08,94790.0
819,2023-09,99010.0
821,2023-03,110380.0
821,2023-04,110380.0
821,2023-05,110380.0
821,2023-06,110380.0
821,2023-07,110380.0
821,2023-08,110380.0
821,2023-09,110380.0
821,2023-10,107821.2
821,2023-11,106491.2
821,2023-12,106491.2
821,2024-01,106491.2
821,2024-02,106491.2
822,2023-05,100170.0
822,2023-06,76027.5
822,2023-07,98527.5
822,2023-08,76455.0
822,2023-09,76027.5
822,2023-10,98527.5
822,2023-12,87540.0
822,2024-01,87540.0
822,2024-02,87540.0
823,2023-04,49525.0
823,2023-05,43275.0
823,2023-06,44225.0
823,2023-07,44225.0
825,2023-04,205000.0
829,2023-07,38900.0
829,2023-08,13400.0
83,2023-01,100166.4
83,2023-02,96881.1
83,2023-03,101759.7
83,2023-04,97543.8
83,2023-05,101007.7
83,2023-07,79021.1
83,2023-08,79021.1
83,2023-09,79021.1
830,2023-04,50475.0
830,2023-05,44495.0
830,2023-06,44495.0
831,2023-04,51030.0
831,2023-05,51000.0
831,2023-06,56655.0
831,2023-07,52180.0
831,2023-08,15340.0
832,2023-04,60072.1
832,2023-05,61187.6
832,2023-06,91257.6
837,2023-04,92650.0
837,2023-05,98000.0
838,2023-04,550000.0
841,2023-03,87918.97
841,2023-04,87319.0
841,2023-05,92930.0
841,2023-06,90386.49
841,2023-07,88211.79
841,2023-08,80675.0
841,2023-09,82840.1
841,2023-10,85526.47
841,2023-11,87880.0
841,2023-12,101823.39
841,2024-01,93387.23
841,2024-02,97301.06
842,2023-04,7700.0
842,2023-05,87570.0
843,2023-04,7700.0
843,2023-05,20890.0
844,2023-04,7700.0
844,2023-05,19045.0
845,2023-04,7700.0
845,2023-05,19940.0
846,2023-05,95795.0
846,2023-06,74795.0
846,2023-07,74795.0
846,2023-08,74795.0
846,2023-09,74795.0
846,2023-10,74795.0
846,2023-11,74795.0
846,2023-12,74795.0
846,2024-01,74795.0
846,2024-02,74795.0
847,2023-04,311500.0
847,2023-05,259925.0
847,2023-06,210195.0
848,2023-05,62920.0
848,2023-06,60960.0
848,2023-07,64390.0
848,2023-08,69065.0
848,2023-09,98690.0
848,2023-10,96435.0
848,2023-11,99075.0
848,2023-12,100765.0
850,2023-05,84015.0
850,2023-06,78015.0
850,2023-07,78015.0
850,2023-08,80505.0
850,2023-09,80505.0
850,2023-10,78660.0
850,2023-11,80505.0
850,2023-12,76170.0
850,2024-01,106433.0
850,2024-02,106433.0
851,2023-05,65980.0
851,2023-06,70400.0
851,2023-07,71410.0
851,2023-11,71410.0
851,2023-12,40825.0
851,2024-01,40825.0
851,2024-02,40825.0
852,2023-05,125475.0
852,2023-06,53580.0
852,2023-07,102450.0
854,2023-06,38120.0
854,2023-07,57318.46
854,2023-08,67331.37
855,2023-05,12175.0
857,2023-05,300030.0
857,2023-06,321280.0
859,2023-05,57601.2
859,2023-06,67012.8
859,2023-07,78108.0
859,2023-08,115101.2
86,2023-06,44734.5
86,2023-07,45067.32
86,2023-08,49469.16
86,2023-09,55818.26
865,2023-06,53398.4
865,2023-07,21675.0
865,2023-08,36883.54
865,2023-09,39561.45
866,2023-06,82000.0
866,2023-07,94870.0
866,2023-08,87940.0
866,2023-09,105550.0
866,2023-10,94450.0
866,2023-11,103070.0
868,2023-05,41960.0
868,2023-06,48000.0
868,2023-07,48760.0
868,2023-08,48760.0
868,2023-09,52690.0
868,2023-10,51650.0
868,2023-11,52690.0
868,2023-12,52690.0
869,2023-05,63520.0
869,2023-06,79180.0
869,2023-07,94820.0
87,2022-11,70050.0
87,2023-01,73380.0
87,2023-02,83480.0
87,2023-03,89300.0
87,2023-04,89300.0
87,2023-05,78605.0
87,2023-06,72485.0
871,2023-05,25000.0
872,2023-06,17600.0
872,2023-07,39495.0
872,2023-08,39495.0
872,2023-09,39495.0
872,2023-10,36515.0
872,2023-11,36515.0
872,2023-12,44570.0
872,2024-01,37570.0
872,2024-02,37570.0
873,2023-06,99855.0
873,2023-07,97775.0
873,2023-08,97775.0
873,2023-09,98830.0
874,2023-06,307800.0
874,2023-07,205190.0
874,2023-08,153884.1
874,2023-09,142458.97
876,2023-07,48245.0
876,2023-08,42145.0
876,2023-09,34090.0
877,2023-07,47925.0
877,2023-08,33250.0
877,2023-09,33725.0
878,2023-07,50285.0
878,2023-08,39180.0
878,2023-09,33200.0
879,2023-07,66375.0
879,2023-08,66950.0
879,2023-09,117425.0
879,2023-10,117900.0
879,2023-11,117425.0
879,2023-12,124900.0
879,2024-02,136450.0
884,2023-06,50000.0
886,2023-06,406720.0
886,2023-07,106543.34
886,2023-08,26020.0
886,2023-09,26020.0
886,2023-10,26020.0
887,2023-07,94500.0
887,2023-08,94500.0
887,2023-09,94500.0
887,2023-10,195900.0
887,2023-11,94500.0
887,2023-12,94500.0
888,2023-06,18650.0
888,2023-08,172315.0
888,2023-09,154490.0
888,2023-10,209610.0
888,2023-11,276175.0
888,2023-12,273970.0
888,2024-01,267985.0
888,2024-02,196120.0
889,2023-06,32075.0
889,2023-07,63190.0
889,2023-08,64940.0
889,2023-11,64620.0
890,2022-11,68700.0
890,2022-12,68700.0
890,2023-01,70470.0
890,2023-02,89650.0
890,2023-03,77320.0
890,2023-04,83900.0
890,2023-05,83900.0
890,2023-06,83900.0
890,2023-07,122230.0
890,2023-08,124310.0
890,2023-09,142420.0
890,2023-10,118395.0
890,2023-11,117765.0
890,2023-12,129890.0
890,2024-01,128700.0
890,2024-02,169200.0
891,2023-07,126447.63
897,2023-07,110000.0
898,2023-06,125524.26
898,2023-07,19400.0
899,2023-08,103460.0
899,2023-09,89060.0
899,2023-10,89060.0
899,2023-11,44100.0
900,2023-07,67825.0
900,2023-08,67675.0
901,2023-07,35000.0
904,2023-07,13194.5
910,2023-07,69800.0
910,2023-08,70000.0
910,2023-10,65425.0
912,2023-08,100955.0
912,2023-09,70025.0
913,2023-07,58200.0
913,2023-08,58200.0
913,2023-09,58200.0
913,2023-10,58200.0
913,2023-11,58200.0
913,2023-12,58200.0
914,2023-08,131945.0
914,2023-09,131645.0
914,2023-10,131645.0
915,2023-07,220027.2
915,2023-08,231803.7
915,2023-09,231659.69999999998
915,2023-10,175025.4
915,2023-11,174976.4
915,2023-12,175678.0
916,2023-08,763110.0
917,2023-07,74300.0
917,2023-08,62900.0
917,2023-09,38700.0
917,2023-10,47900.0
917,2023-11,52600.0
917,2023-12,54700.0
918,2023-07,46500.0
918,2023-08,77500.0
918,2023-09,181904.97999999998
918,2023-10,113500.0
918,2023-11,83095.0
918,2023-12,77500.0
920,2023-07,20593.25
920,2023-08,16288.25
920,2023-09,15678.25
921,2023-06,49035.0
921,2023-07,49940.0
923,2023-07,36640.0
923,2023-08,32750.0
925,2023-08,115260.0
925,2023-09,132520.0
925,2023-10,135230.0
925,2023-11,141750.0
925,2023-12,156040.0
925,2024-01,120025.0
925,2024-02,43922.5
927,2023-08,130750.0
927,2023-09,128150.0
927,2023-10,128850.0
927,2023-11,51850.0
929,2023-08,82220.0
929,2023-10,82020.0
930,2023-09,36687.5
930,2023-10,31152.5
930,2023-11,30350.0
930,2023-12,34547.5
930,2024-01,25750.0
930,2024-02,25600.0
931,2023-08,28145.0
931,2023-09,25270.0
931,2023-10,17775.0
932,2023-08,55300.0
932,2023-09,53400.0
932,2023-10,54300.0
932,2023-11,54800.0
933,2023-08,18635.0
933,2023-09,20440.0
934,2023-08,22620.0
934,2023-09,22020.0
934,2023-10,19865.0
934,2023-11,19865.0
935,2023-10,190000.0
940,2023-08,40500.0
940,2023-10,61200.0
940,2023-11,79655.0
940,2023-12,103293.3
940,2024-01,61093.3
940,2024-02,102535.0
941,2023-08,26200.0
941,2023-10,26200.0
941,2023-12,26900.0
941,2024-02,26900.0
943,2023-09,47800.0
943,2024-02,46000.0
944,2023-09,122200.0
946,2023-08,64400.0
946,2023-09,64400.0
946,2023-10,64400.0
946,2023-11,64400.0
946,2023-12,64400.0
947,2023-08,88838.0
947,2023-09,100891.0
947,2023-10,106346.0
947,2023-11,70709.0
947,2023-12,107411.0
951,2023-09,402400.0
951,2023-10,402400.0
951,2023-11,402400.0
951,2023-12,402400.0
954,2023-09,135000.0
954,2023-10,135000.0
954,2023-11,135000.0
954,2023-12,35000.0
955,2023-09,9300.0
955,2023-10,9300.0
955,2023-11,13200.0
955,2023-12,17400.0
956,2023-09,61000.0
956,2023-10,61000.0
956,2023-11,61000.0
956,2023-12,55000.0
958,2023-09,91450.0
958,2023-10,83850.0
958,2023-11,84850.0
958,2023-12,50250.0
960,2023-09,35000.0
962,2023-09,40400.0
962,2023-10,40600.0
962,2023-11,43400.0
962,2023-12,46700.0
966,2023-12,75700.0
966,2024-01,65800.0
966,2024-02,67000.0
969,2023-09,40225.0
975,2023-10,49312.34
975,2023-11,48661.49
975,2023-12,54828.0
975,2024-01,59773.5
975,2024-02,61006.5
976,2023-10,80600.0
977,2023-10,78600.0
977,2023-11,68600.0
977,2023-12,68600.0
977,2024-01,68600.0
977,2024-02,71900.0
978,2023-10,125000.0
978,2023-11,50640.0
979,2023-10,231802.84
979,2023-11,244094.97
979,2023-12,254936.21
998,2023-11,45205.0
998,2024-01,41050.0
998,2024-02,46545.0
